 [
  {"questId": 1, "questDesc": "who is your childhood hero?"},
  {"questId": 2, "questDesc": "Where were you New Year's 2000?"},
  {"questId": 3, "questDesc": "What was your childhood nickname?"},
  {"questId": 4, "questDesc": "What is your youngest brother's birthday?"},
  {"questId": 5, "questDesc": "What are the last 5 digits of your driver's license number?"},
  {"questId": 6, "questDesc": "who is your childhood best friend?"},
  {"questId": 7, "questDesc": "What is your favorite movie?"},
  {"questId": 8, "questDesc": "What was your favorite food as a child?"},
  {"questId": 9, "questDesc": "In what town was your first job?"},
  {"questId": 10, "questDesc": "In what city or town did your mother and father meet?"},
  {"questId": 11, "questDesc": "What was your favorite sport in high school?"},
  {"questId": 12, "questDesc": "What was the name of the hospital where you were born?"},
  {"questId": 13, "questDesc": "What was the name of the company where you had your first job?"},
  {"questId": 14, "questDesc": "What is the make and model of your first car?"},
  {"questId": 15, "questDesc": "What is your mother's maiden name"}
]