[
  {
    "Id": "14976304610551090",
    "date": "2017-06-16T16:27:41.055Z",
    "amount": 12919,
    "status": "full",
    "method": "visa",
    "account": "1111"
  },
  {
    "Id": "14949520610555440",
    "date": "2017-05-16T16:27:41.055Z",
    "amount": 19478,
    "status": "partial",
    "method": "visa",
    "account": "1111"
  },
  {
    "Id": "14923600610553546",
    "date": "2017-04-16T16:27:41.055Z",
    "amount": 17463,
    "status": "rejected",
    "method": "mastercard",
    "account": "2222"
  },
  {
    "Id": "14896816610557242",
    "date": "2017-03-16T16:27:41.055Z",
    "amount": 13555,
    "status": "rejected",
    "method": "mastercard",
    "account": "2222"
  },
  {
    "Id": "14872660610559836",
    "date": "2017-02-16T17:27:41.055Z",
    "amount": 14003,
    "status": "partial",
    "method": "echeck",
    "account": "333"
  },
  {
    "Id": "14845876610554683",
    "date": "2017-01-16T17:27:41.055Z",
    "amount": 15318,
    "status": "partial",
    "method": "echeck",
    "account": "333"
  },
  {
    "Id": "14819092610552528",
    "date": "2016-12-16T17:27:41.055Z",
    "amount": 15775,
    "status": "partial",
    "method": "visa",
    "account": "1111"
  },
  {
    "Id": "14793172610558310",
    "date": "2016-11-16T17:27:41.055Z",
    "amount": 14672,
    "status": "partial",
    "method": "visa",
    "account": "1111"
  },
  {
    "Id": "14766352610558501",
    "date": "2016-10-16T16:27:41.055Z",
    "amount": 16740,
    "status": "full",
    "method": "mastercard",
    "account": "2222"
  },
  {
    "Id": "14740432610558222",
    "date": "2016-09-16T16:27:41.055Z",
    "amount": 18224,
    "status": "partial",
    "method": "visa",
    "account": "1111"
  },
  {
    "Id": "14713648610553529",
    "date": "2016-08-16T16:27:41.055Z",
    "amount": 11150,
    "status": "rejected",
    "method": "visa",
    "account": "1111"
  },
  {
    "Id": "14686864610551465",
    "date": "2016-07-16T16:27:41.055Z",
    "amount": 13970,
    "status": "partial",
    "method": "visa",
    "account": "1111"
  },
  {
    "Id": "14660944610556185",
    "date": "2016-06-16T16:27:41.055Z",
    "amount": 13205,
    "status": "rejected",
    "method": "mastercard",
    "account": "2222"
  },
  {
    "Id": "14634160610551328",
    "date": "2016-05-16T16:27:41.055Z",
    "amount": 19235,
    "status": "rejected",
    "method": "echeck",
    "account": "333"
  },
  {
    "Id": "14608240610552506",
    "date": "2016-04-16T16:27:41.055Z",
    "amount": 14450,
    "status": "full",
    "method": "visa",
    "account": "1111"
  },
  {
    "Id": "14581456610556131",
    "date": "2016-03-16T16:27:41.055Z",
    "amount": 19506,
    "status": "processing",
    "method": "echeck",
    "account": "333"
  },
  {
    "Id": "14556436610559568",
    "date": "2016-02-16T17:27:41.055Z",
    "amount": 12535,
    "status": "processing",
    "method": "mastercard",
    "account": "2222"
  },
  {
    "Id": "14529652610558639",
    "date": "2016-01-16T17:27:41.055Z",
    "amount": 19307,
    "status": "processing",
    "method": "echeck",
    "account": "333"
  },
  {
    "Id": "14502868610554545",
    "date": "2015-12-16T17:27:41.055Z",
    "amount": 10925,
    "status": "full",
    "method": "mastercard",
    "account": "2222"
  },
  {
    "Id": "14476948610557935",
    "date": "2015-11-16T17:27:41.055Z",
    "amount": 14206,
    "status": "partial",
    "method": "visa",
    "account": "1111"
  },
  {
    "Id": "14450128610551890",
    "date": "2015-10-16T16:27:41.055Z",
    "amount": 14159,
    "status": "full",
    "method": "visa",
    "account": "1111"
  },
  {
    "Id": "14424208610551372",
    "date": "2015-09-16T16:27:41.055Z",
    "amount": 14180,
    "status": "full",
    "method": "echeck",
    "account": "333"
  },
  {
    "Id": "14397424610552730",
    "date": "2015-08-16T16:27:41.055Z",
    "amount": 16320,
    "status": "partial",
    "method": "visa",
    "account": "1111"
  },
  {
    "Id": "14370640610552470",
    "date": "2015-07-16T16:27:41.055Z",
    "amount": 10022,
    "status": "full",
    "method": "echeck",
    "account": "333"
  },
  {
    "Id": "14344720610555827",
    "date": "2015-06-16T16:27:41.055Z",
    "amount": 10029,
    "status": "partial",
    "method": "visa",
    "account": "1111"
  },
  {
    "Id": "14317936610553158",
    "date": "2015-05-16T16:27:41.055Z",
    "amount": 15339,
    "status": "rejected",
    "method": "echeck",
    "account": "333"
  },
  {
    "Id": "14292016610554535",
    "date": "2015-04-16T16:27:41.055Z",
    "amount": 18819,
    "status": "processing",
    "method": "echeck",
    "account": "333"
  },
  {
    "Id": "14265232610554748",
    "date": "2015-03-16T16:27:41.055Z",
    "amount": 10598,
    "status": "partial",
    "method": "mastercard",
    "account": "2222"
  },
  {
    "Id": "14241076610551350",
    "date": "2015-02-16T17:27:41.055Z",
    "amount": 12926,
    "status": "rejected",
    "method": "echeck",
    "account": "333"
  },
  {
    "Id": "14214292610559667",
    "date": "2015-01-16T17:27:41.055Z",
    "amount": 11138,
    "status": "rejected",
    "method": "visa",
    "account": "1111"
  },
  {
    "Id": "14187508610557698",
    "date": "2014-12-16T17:27:41.055Z",
    "amount": 11896,
    "status": "full",
    "method": "visa",
    "account": "1111"
  },
  {
    "Id": "14161588610555440",
    "date": "2014-11-16T17:27:41.055Z",
    "amount": 17508,
    "status": "processing",
    "method": "echeck",
    "account": "333"
  },
  {
    "Id": "14134768610559784",
    "date": "2014-10-16T16:27:41.055Z",
    "amount": 19785,
    "status": "processing",
    "method": "visa",
    "account": "1111"
  },
  {
    "Id": "14108848610555450",
    "date": "2014-09-16T16:27:41.055Z",
    "amount": 11154,
    "status": "processing",
    "method": "echeck",
    "account": "333"
  },
  {
    "Id": "14082064610553098",
    "date": "2014-08-16T16:27:41.055Z",
    "amount": 14006,
    "status": "full",
    "method": "visa",
    "account": "1111"
  },
  {
    "Id": "14055280610557149",
    "date": "2014-07-16T16:27:41.055Z",
    "amount": 16398,
    "status": "full",
    "method": "mastercard",
    "account": "2222"
  },
  {
    "Id": "14029360610557612",
    "date": "2014-06-16T16:27:41.055Z",
    "amount": 18953,
    "status": "processing",
    "method": "visa",
    "account": "1111"
  },
  {
    "Id": "14002576610554135",
    "date": "2014-05-16T16:27:41.055Z",
    "amount": 11358,
    "status": "processing",
    "method": "visa",
    "account": "1111"
  },
  {
    "Id": "13976656610554081",
    "date": "2014-04-16T16:27:41.055Z",
    "amount": 19340,
    "status": "full",
    "method": "echeck",
    "account": "333"
  },
  {
    "Id": "13949872610558336",
    "date": "2014-03-16T16:27:41.055Z",
    "amount": 14626,
    "status": "rejected",
    "method": "echeck",
    "account": "333"
  },
  {
    "Id": "13925716610551200",
    "date": "2014-02-16T17:27:41.055Z",
    "amount": 17018,
    "status": "full",
    "method": "mastercard",
    "account": "2222"
  },
  {
    "Id": "13898932610552370",
    "date": "2014-01-16T17:27:41.055Z",
    "amount": 14227,
    "status": "processing",
    "method": "visa",
    "account": "1111"
  },
  {
    "Id": "13872148610555299",
    "date": "2013-12-16T17:27:41.055Z",
    "amount": 11450,
    "status": "full",
    "method": "mastercard",
    "account": "2222"
  },
  {
    "Id": "13846228610558031",
    "date": "2013-11-16T17:27:41.055Z",
    "amount": 16114,
    "status": "rejected",
    "method": "echeck",
    "account": "333"
  },
  {
    "Id": "13819408610558229",
    "date": "2013-10-16T16:27:41.055Z",
    "amount": 15587,
    "status": "full",
    "method": "echeck",
    "account": "333"
  },
  {
    "Id": "13793488610551836",
    "date": "2013-09-16T16:27:41.055Z",
    "amount": 16554,
    "status": "partial",
    "method": "mastercard",
    "account": "2222"
  },
  {
    "Id": "13766704610557655",
    "date": "2013-08-16T16:27:41.055Z",
    "amount": 17934,
    "status": "processing",
    "method": "visa",
    "account": "1111"
  },
  {
    "Id": "13739920610555675",
    "date": "2013-07-16T16:27:41.055Z",
    "amount": 10264,
    "status": "partial",
    "method": "mastercard",
    "account": "2222"
  },
  {
    "Id": "13714000610557907",
    "date": "2013-06-16T16:27:41.055Z",
    "amount": 16743,
    "status": "rejected",
    "method": "visa",
    "account": "1111"
  },
  {
    "Id": "13687216610555461",
    "date": "2013-05-16T16:27:41.055Z",
    "amount": 19665,
    "status": "rejected",
    "method": "visa",
    "account": "1111"
  },
  {
    "Id": "13661296610555013",
    "date": "2013-04-16T16:27:41.055Z",
    "amount": 11010,
    "status": "rejected",
    "method": "visa",
    "account": "1111"
  },
  {
    "Id": "13634512610558409",
    "date": "2013-03-16T16:27:41.055Z",
    "amount": 17100,
    "status": "rejected",
    "method": "mastercard",
    "account": "2222"
  },
  {
    "Id": "13610356610554431",
    "date": "2013-02-16T17:27:41.055Z",
    "amount": 10625,
    "status": "processing",
    "method": "mastercard",
    "account": "2222"
  },
  {
    "Id": "13583572610556537",
    "date": "2013-01-16T17:27:41.055Z",
    "amount": 12096,
    "status": "full",
    "method": "mastercard",
    "account": "2222"
  },
  {
    "Id": "13556788610552051",
    "date": "2012-12-16T17:27:41.055Z",
    "amount": 17151,
    "status": "full",
    "method": "echeck",
    "account": "333"
  },
  {
    "Id": "13530868610551358",
    "date": "2012-11-16T17:27:41.055Z",
    "amount": 17425,
    "status": "processing",
    "method": "visa",
    "account": "1111"
  },
  {
    "Id": "13504048610552901",
    "date": "2012-10-16T16:27:41.055Z",
    "amount": 10680,
    "status": "rejected",
    "method": "echeck",
    "account": "333"
  },
  {
    "Id": "13478128610554719",
    "date": "2012-09-16T16:27:41.055Z",
    "amount": 13854,
    "status": "processing",
    "method": "visa",
    "account": "1111"
  },
  {
    "Id": "13451344610558448",
    "date": "2012-08-16T16:27:41.055Z",
    "amount": 16658,
    "status": "full",
    "method": "echeck",
    "account": "333"
  },
  {
    "Id": "13424560610552227",
    "date": "2012-07-16T16:27:41.055Z",
    "amount": 14762,
    "status": "processing",
    "method": "visa",
    "account": "1111"
  },
  {
    "Id": "13398640610555875",
    "date": "2012-06-16T16:27:41.055Z",
    "amount": 18187,
    "status": "processing",
    "method": "echeck",
    "account": "333"
  },
  {
    "Id": "13371856610555788",
    "date": "2012-05-16T16:27:41.055Z",
    "amount": 12768,
    "status": "processing",
    "method": "visa",
    "account": "1111"
  },
  {
    "Id": "13345936610556317",
    "date": "2012-04-16T16:27:41.055Z",
    "amount": 11098,
    "status": "full",
    "method": "echeck",
    "account": "333"
  },
  {
    "Id": "13319152610553738",
    "date": "2012-03-16T16:27:41.055Z",
    "amount": 15684,
    "status": "processing",
    "method": "echeck",
    "account": "333"
  },
  {
    "Id": "13294132610552681",
    "date": "2012-02-16T17:27:41.055Z",
    "amount": 15922,
    "status": "processing",
    "method": "visa",
    "account": "1111"
  },
  {
    "Id": "13267348610551044",
    "date": "2012-01-16T17:27:41.055Z",
    "amount": 11081,
    "status": "full",
    "method": "visa",
    "account": "1111"
  },
  {
    "Id": "13240564610557138",
    "date": "2011-12-16T17:27:41.055Z",
    "amount": 17497,
    "status": "rejected",
    "method": "visa",
    "account": "1111"
  },
  {
    "Id": "13214644610559028",
    "date": "2011-11-16T17:27:41.055Z",
    "amount": 19603,
    "status": "rejected",
    "method": "visa",
    "account": "1111"
  },
  {
    "Id": "13187824610559933",
    "date": "2011-10-16T16:27:41.055Z",
    "amount": 13191,
    "status": "full",
    "method": "visa",
    "account": "1111"
  },
  {
    "Id": "13161904610559680",
    "date": "2011-09-16T16:27:41.055Z",
    "amount": 12332,
    "status": "processing",
    "method": "echeck",
    "account": "333"
  },
  {
    "Id": "13135120610555297",
    "date": "2011-08-16T16:27:41.055Z",
    "amount": 16339,
    "status": "processing",
    "method": "visa",
    "account": "1111"
  },
  {
    "Id": "13108336610551954",
    "date": "2011-07-16T16:27:41.055Z",
    "amount": 15579,
    "status": "rejected",
    "method": "visa",
    "account": "1111"
  },
  {
    "Id": "13082416610559823",
    "date": "2011-06-16T16:27:41.055Z",
    "amount": 13170,
    "status": "partial",
    "method": "visa",
    "account": "1111"
  },
  {
    "Id": "13055632610558149",
    "date": "2011-05-16T16:27:41.055Z",
    "amount": 19986,
    "status": "rejected",
    "method": "mastercard",
    "account": "2222"
  },
  {
    "Id": "13029712610558463",
    "date": "2011-04-16T16:27:41.055Z",
    "amount": 14202,
    "status": "partial",
    "method": "visa",
    "account": "1111"
  },
  {
    "Id": "13002928610554653",
    "date": "2011-03-16T16:27:41.055Z",
    "amount": 16331,
    "status": "processing",
    "method": "mastercard",
    "account": "2222"
  },
  {
    "Id": "12978772610558878",
    "date": "2011-02-16T17:27:41.055Z",
    "amount": 12827,
    "status": "processing",
    "method": "echeck",
    "account": "333"
  },
  {
    "Id": "12951988610556202",
    "date": "2011-01-16T17:27:41.055Z",
    "amount": 10823,
    "status": "rejected",
    "method": "echeck",
    "account": "333"
  },
  {
    "Id": "12925204610552717",
    "date": "2010-12-16T17:27:41.055Z",
    "amount": 16031,
    "status": "full",
    "method": "visa",
    "account": "1111"
  },
  {
    "Id": "12899284610558818",
    "date": "2010-11-16T17:27:41.055Z",
    "amount": 15867,
    "status": "full",
    "method": "visa",
    "account": "1111"
  },
  {
    "Id": "12872464610553237",
    "date": "2010-10-16T16:27:41.055Z",
    "amount": 14706,
    "status": "rejected",
    "method": "echeck",
    "account": "333"
  },
  {
    "Id": "12846544610555375",
    "date": "2010-09-16T16:27:41.055Z",
    "amount": 16547,
    "status": "partial",
    "method": "visa",
    "account": "1111"
  },
  {
    "Id": "12819760610554799",
    "date": "2010-08-16T16:27:41.055Z",
    "amount": 14471,
    "status": "full",
    "method": "visa",
    "account": "1111"
  },
  {
    "Id": "12792976610551511",
    "date": "2010-07-16T16:27:41.055Z",
    "amount": 19155,
    "status": "partial",
    "method": "visa",
    "account": "1111"
  },
  {
    "Id": "12767056610555690",
    "date": "2010-06-16T16:27:41.055Z",
    "amount": 19350,
    "status": "processing",
    "method": "echeck",
    "account": "333"
  },
  {
    "Id": "12740272610558517",
    "date": "2010-05-16T16:27:41.055Z",
    "amount": 16376,
    "status": "processing",
    "method": "echeck",
    "account": "333"
  },
  {
    "Id": "12714352610558584",
    "date": "2010-04-16T16:27:41.055Z",
    "amount": 18852,
    "status": "processing",
    "method": "visa",
    "account": "1111"
  },
  {
    "Id": "12687568610551943",
    "date": "2010-03-16T16:27:41.055Z",
    "amount": 17133,
    "status": "full",
    "method": "visa",
    "account": "1111"
  },
  {
    "Id": "12663412610559090",
    "date": "2010-02-16T17:27:41.055Z",
    "amount": 10089,
    "status": "processing",
    "method": "visa",
    "account": "1111"
  },
  {
    "Id": "12636628610553643",
    "date": "2010-01-16T17:27:41.055Z",
    "amount": 11399,
    "status": "full",
    "method": "echeck",
    "account": "333"
  },
  {
    "Id": "12609844610551004",
    "date": "2009-12-16T17:27:41.055Z",
    "amount": 18304,
    "status": "partial",
    "method": "visa",
    "account": "1111"
  },
  {
    "Id": "12583924610558994",
    "date": "2009-11-16T17:27:41.055Z",
    "amount": 10421,
    "status": "full",
    "method": "visa",
    "account": "1111"
  },
  {
    "Id": "12557104610557885",
    "date": "2009-10-16T16:27:41.055Z",
    "amount": 19754,
    "status": "full",
    "method": "visa",
    "account": "1111"
  },
  {
    "Id": "12531184610552168",
    "date": "2009-09-16T16:27:41.055Z",
    "amount": 11684,
    "status": "rejected",
    "method": "visa",
    "account": "1111"
  },
  {
    "Id": "12504400610555285",
    "date": "2009-08-16T16:27:41.055Z",
    "amount": 16918,
    "status": "processing",
    "method": "visa",
    "account": "1111"
  },
  {
    "Id": "12477616610559081",
    "date": "2009-07-16T16:27:41.055Z",
    "amount": 12738,
    "status": "full",
    "method": "mastercard",
    "account": "2222"
  },
  {
    "Id": "12451696610551810",
    "date": "2009-06-16T16:27:41.055Z",
    "amount": 14395,
    "status": "partial",
    "method": "visa",
    "account": "1111"
  },
  {
    "Id": "12424912610552268",
    "date": "2009-05-16T16:27:41.055Z",
    "amount": 10863,
    "status": "processing",
    "method": "visa",
    "account": "1111"
  },
  {
    "Id": "12398992610558899",
    "date": "2009-04-16T16:27:41.055Z",
    "amount": 15675,
    "status": "partial",
    "method": "visa",
    "account": "1111"
  },
  {
    "Id": "12372208610558487",
    "date": "2009-03-16T16:27:41.055Z",
    "amount": 13616,
    "status": "processing",
    "method": "echeck",
    "account": "333"
  }
]