[
  {
    "Id": "14975615583499165",
    "charges": 18676,
    "date": "2017-06-15T21:19:18.349Z",
    "due": "2017-07-15T21:19:18.349Z",
    "total": 18676,
    "usage": 206
  },
  {
    "Id": "14975615583494239",
    "charges": 18283,
    "date": "2017-05-15T21:19:18.349Z",
    "due": "2017-06-15T21:19:18.349Z",
    "total": 22453,
    "usage": 225
  },
  {
    "Id": "14975615583495871",
    "charges": 17900,
    "date": "2017-04-15T21:19:18.349Z",
    "due": "2017-05-15T21:19:18.349Z",
    "total": 17900,
    "usage": 234
  },
  {
    "Id": "14975615583493061",
    "charges": 11904,
    "date": "2017-03-15T21:19:18.349Z",
    "due": "2017-04-15T21:19:18.349Z",
    "total": 11904,
    "usage": 191
  },
  {
    "Id": "14975615583493336",
    "charges": 17343,
    "date": "2017-02-15T22:19:18.349Z",
    "due": "2017-03-15T21:19:18.349Z",
    "total": 17343,
    "usage": 81
  },
  {
    "Id": "14975615583491636",
    "charges": 11950,
    "date": "2017-01-15T22:19:18.349Z",
    "due": "2017-02-15T22:19:18.349Z",
    "total": 11950,
    "usage": 202
  },
  {
    "Id": "14975615583493516",
    "charges": 16197,
    "date": "2016-12-15T22:19:18.349Z",
    "due": "2017-01-15T22:19:18.349Z",
    "total": 16197,
    "usage": 122
  },
  {
    "Id": "14975615583492327",
    "charges": 18106,
    "date": "2016-11-15T22:19:18.349Z",
    "due": "2016-12-15T22:19:18.349Z",
    "total": 18106,
    "usage": 131
  },
  {
    "Id": "14975615583497461",
    "charges": 16893,
    "date": "2016-10-15T21:19:18.349Z",
    "due": "2016-11-15T22:19:18.349Z",
    "total": 16893,
    "usage": 180
  },
  {
    "Id": "14975615583498668",
    "charges": 16397,
    "date": "2016-09-15T21:19:18.349Z",
    "due": "2016-10-15T21:19:18.349Z",
    "total": 20744,
    "usage": 145
  },
  {
    "Id": "14975615583493230",
    "charges": 14484,
    "date": "2016-08-15T21:19:18.349Z",
    "due": "2016-09-15T21:19:18.349Z",
    "total": 14484,
    "usage": 139
  },
  {
    "Id": "14975615583496484",
    "charges": 13473,
    "date": "2016-07-15T21:19:18.349Z",
    "due": "2016-08-15T21:19:18.349Z",
    "total": 13473,
    "usage": 144
  },
  {
    "Id": "14975615583498072",
    "charges": 12836,
    "date": "2016-06-15T21:19:18.349Z",
    "due": "2016-07-15T21:19:18.349Z",
    "total": 12836,
    "usage": 181
  },
  {
    "Id": "14975615583493964",
    "charges": 10617,
    "date": "2016-05-15T21:19:18.349Z",
    "due": "2016-06-15T21:19:18.349Z",
    "total": 10617,
    "usage": 97
  },
  {
    "Id": "14975615583491382",
    "charges": 13610,
    "date": "2016-04-15T21:19:18.349Z",
    "due": "2016-05-15T21:19:18.349Z",
    "total": 13610,
    "usage": 234
  },
  {
    "Id": "14975615583499362",
    "charges": 10238,
    "date": "2016-03-15T21:19:18.349Z",
    "due": "2016-04-15T21:19:18.349Z",
    "total": 6705,
    "usage": 105
  },
  {
    "Id": "14975615583497954",
    "charges": 10092,
    "date": "2016-02-15T22:19:18.349Z",
    "due": "2016-03-15T21:19:18.349Z",
    "total": 14234,
    "usage": 98
  },
  {
    "Id": "14975615583491798",
    "charges": 13786,
    "date": "2016-01-15T22:19:18.349Z",
    "due": "2016-02-15T22:19:18.349Z",
    "total": 13786,
    "usage": 248
  },
  {
    "Id": "14975615583499193",
    "charges": 12052,
    "date": "2015-12-15T22:19:18.349Z",
    "due": "2016-01-15T22:19:18.349Z",
    "total": 12052,
    "usage": 177
  },
  {
    "Id": "14975615583495351",
    "charges": 16011,
    "date": "2015-11-15T22:19:18.349Z",
    "due": "2015-12-15T22:19:18.349Z",
    "total": 16011,
    "usage": 243
  },
  {
    "Id": "14975615583492212",
    "charges": 13683,
    "date": "2015-10-15T21:19:18.349Z",
    "due": "2015-11-15T22:19:18.349Z",
    "total": 13683,
    "usage": 134
  },
  {
    "Id": "14975615583495702",
    "charges": 15826,
    "date": "2015-09-15T21:19:18.349Z",
    "due": "2015-10-15T21:19:18.349Z",
    "total": 15826,
    "usage": 157
  },
  {
    "Id": "14975615583498533",
    "charges": 13434,
    "date": "2015-08-15T21:19:18.349Z",
    "due": "2015-09-15T21:19:18.349Z",
    "total": 8514,
    "usage": 237
  },
  {
    "Id": "14975615583495062",
    "charges": 16984,
    "date": "2015-07-15T21:19:18.349Z",
    "due": "2015-08-15T21:19:18.349Z",
    "total": 16984,
    "usage": 206
  },
  {
    "Id": "14975615583496048",
    "charges": 14701,
    "date": "2015-06-15T21:19:18.349Z",
    "due": "2015-07-15T21:19:18.349Z",
    "total": 14701,
    "usage": 67
  },
  {
    "Id": "14975615583499450",
    "charges": 14090,
    "date": "2015-05-15T21:19:18.349Z",
    "due": "2015-06-15T21:19:18.349Z",
    "total": 15703,
    "usage": 66
  },
  {
    "Id": "14975615583493254",
    "charges": 13697,
    "date": "2015-04-15T21:19:18.349Z",
    "due": "2015-05-15T21:19:18.349Z",
    "total": 16112,
    "usage": 236
  },
  {
    "Id": "14975615583491662",
    "charges": 10492,
    "date": "2015-03-15T21:19:18.349Z",
    "due": "2015-04-15T21:19:18.349Z",
    "total": 10492,
    "usage": 130
  },
  {
    "Id": "14975615583491195",
    "charges": 19965,
    "date": "2015-02-15T22:19:18.349Z",
    "due": "2015-03-15T21:19:18.349Z",
    "total": 19965,
    "usage": 226
  },
  {
    "Id": "14975615583493611",
    "charges": 12022,
    "date": "2015-01-15T22:19:18.349Z",
    "due": "2015-02-15T22:19:18.349Z",
    "total": 12022,
    "usage": 183
  },
  {
    "Id": "14975615583493555",
    "charges": 18904,
    "date": "2014-12-15T22:19:18.349Z",
    "due": "2015-01-15T22:19:18.349Z",
    "total": 18904,
    "usage": 189
  },
  {
    "Id": "14975615583491128",
    "charges": 11298,
    "date": "2014-11-15T22:19:18.349Z",
    "due": "2014-12-15T22:19:18.349Z",
    "total": 7215,
    "usage": 180
  },
  {
    "Id": "14975615583492754",
    "charges": 17119,
    "date": "2014-10-15T21:19:18.349Z",
    "due": "2014-11-15T22:19:18.349Z",
    "total": 17119,
    "usage": 209
  },
  {
    "Id": "14975615583499634",
    "charges": 18049,
    "date": "2014-09-15T21:19:18.349Z",
    "due": "2014-10-15T21:19:18.349Z",
    "total": 21337,
    "usage": 85
  },
  {
    "Id": "14975615583492448",
    "charges": 14701,
    "date": "2014-08-15T21:19:18.349Z",
    "due": "2014-09-15T21:19:18.349Z",
    "total": 14701,
    "usage": 103
  },
  {
    "Id": "14975615583494590",
    "charges": 10558,
    "date": "2014-07-15T21:19:18.349Z",
    "due": "2014-08-15T21:19:18.349Z",
    "total": 10558,
    "usage": 141
  },
  {
    "Id": "14975615583495218",
    "charges": 16439,
    "date": "2014-06-15T21:19:18.349Z",
    "due": "2014-07-15T21:19:18.349Z",
    "total": 11695,
    "usage": 250
  },
  {
    "Id": "14975615583499169",
    "charges": 10718,
    "date": "2014-05-15T21:19:18.349Z",
    "due": "2014-06-15T21:19:18.349Z",
    "total": 10718,
    "usage": 97
  },
  {
    "Id": "14975615583498650",
    "charges": 19544,
    "date": "2014-04-15T21:19:18.349Z",
    "due": "2014-05-15T21:19:18.349Z",
    "total": 19544,
    "usage": 134
  },
  {
    "Id": "14975615583495347",
    "charges": 18626,
    "date": "2014-03-15T21:19:18.349Z",
    "due": "2014-04-15T21:19:18.349Z",
    "total": 18626,
    "usage": 142
  },
  {
    "Id": "14975615583492787",
    "charges": 17774,
    "date": "2014-02-15T22:19:18.349Z",
    "due": "2014-03-15T21:19:18.349Z",
    "total": 17774,
    "usage": 56
  },
  {
    "Id": "14975615583494124",
    "charges": 18608,
    "date": "2014-01-15T22:19:18.349Z",
    "due": "2014-02-15T22:19:18.349Z",
    "total": 18608,
    "usage": 143
  },
  {
    "Id": "14975615583494892",
    "charges": 14397,
    "date": "2013-12-15T22:19:18.349Z",
    "due": "2014-01-15T22:19:18.349Z",
    "total": 14397,
    "usage": 155
  },
  {
    "Id": "14975615583496653",
    "charges": 14923,
    "date": "2013-11-15T22:19:18.349Z",
    "due": "2013-12-15T22:19:18.349Z",
    "total": 11017,
    "usage": 159
  },
  {
    "Id": "14975615583495646",
    "charges": 18685,
    "date": "2013-10-15T21:19:18.349Z",
    "due": "2013-11-15T22:19:18.349Z",
    "total": 15594,
    "usage": 98
  },
  {
    "Id": "14975615583493986",
    "charges": 10881,
    "date": "2013-09-15T21:19:18.349Z",
    "due": "2013-10-15T21:19:18.349Z",
    "total": 13854,
    "usage": 79
  },
  {
    "Id": "14975615583498782",
    "charges": 18989,
    "date": "2013-08-15T21:19:18.349Z",
    "due": "2013-09-15T21:19:18.349Z",
    "total": 18989,
    "usage": 182
  },
  {
    "Id": "14975615583498430",
    "charges": 11034,
    "date": "2013-07-15T21:19:18.349Z",
    "due": "2013-08-15T21:19:18.349Z",
    "total": 11034,
    "usage": 167
  },
  {
    "Id": "14975615583491339",
    "charges": 10072,
    "date": "2013-06-15T21:19:18.349Z",
    "due": "2013-07-15T21:19:18.349Z",
    "total": 10072,
    "usage": 160
  },
  {
    "Id": "14975615583491433",
    "charges": 13349,
    "date": "2013-05-15T21:19:18.349Z",
    "due": "2013-06-15T21:19:18.349Z",
    "total": 13349,
    "usage": 167
  },
  {
    "Id": "14975615583496062",
    "charges": 10831,
    "date": "2013-04-15T21:19:18.349Z",
    "due": "2013-05-15T21:19:18.349Z",
    "total": 13317,
    "usage": 68
  },
  {
    "Id": "14975615583499530",
    "charges": 15770,
    "date": "2013-03-15T21:19:18.349Z",
    "due": "2013-04-15T21:19:18.349Z",
    "total": 13683,
    "usage": 100
  },
  {
    "Id": "14975615583498483",
    "charges": 19802,
    "date": "2013-02-15T22:19:18.349Z",
    "due": "2013-03-15T21:19:18.349Z",
    "total": 17238,
    "usage": 82
  },
  {
    "Id": "14975615583494690",
    "charges": 13755,
    "date": "2013-01-15T22:19:18.349Z",
    "due": "2013-02-15T22:19:18.349Z",
    "total": 13755,
    "usage": 107
  },
  {
    "Id": "14975615583499781",
    "charges": 11194,
    "date": "2012-12-15T22:19:18.349Z",
    "due": "2013-01-15T22:19:18.349Z",
    "total": 7255,
    "usage": 128
  },
  {
    "Id": "14975615583498689",
    "charges": 18668,
    "date": "2012-11-15T22:19:18.349Z",
    "due": "2012-12-15T22:19:18.349Z",
    "total": 16767,
    "usage": 227
  },
  {
    "Id": "14975615583499777",
    "charges": 18347,
    "date": "2012-10-15T21:19:18.349Z",
    "due": "2012-11-15T22:19:18.349Z",
    "total": 18347,
    "usage": 185
  },
  {
    "Id": "14975615583499166",
    "charges": 19787,
    "date": "2012-09-15T21:19:18.349Z",
    "due": "2012-10-15T21:19:18.349Z",
    "total": 17111,
    "usage": 200
  },
  {
    "Id": "14975615583498057",
    "charges": 18163,
    "date": "2012-08-15T21:19:18.349Z",
    "due": "2012-09-15T21:19:18.349Z",
    "total": 18163,
    "usage": 63
  },
  {
    "Id": "14975615583495271",
    "charges": 16283,
    "date": "2012-07-15T21:19:18.349Z",
    "due": "2012-08-15T21:19:18.349Z",
    "total": 16283,
    "usage": 148
  },
  {
    "Id": "14975615583497197",
    "charges": 15482,
    "date": "2012-06-15T21:19:18.349Z",
    "due": "2012-07-15T21:19:18.349Z",
    "total": 19851,
    "usage": 99
  },
  {
    "Id": "14975615583494956",
    "charges": 18472,
    "date": "2012-05-15T21:19:18.349Z",
    "due": "2012-06-15T21:19:18.349Z",
    "total": 18472,
    "usage": 191
  },
  {
    "Id": "14975615583499071",
    "charges": 16759,
    "date": "2012-04-15T21:19:18.349Z",
    "due": "2012-05-15T21:19:18.349Z",
    "total": 12283,
    "usage": 166
  },
  {
    "Id": "14975615583494404",
    "charges": 12623,
    "date": "2012-03-15T21:19:18.349Z",
    "due": "2012-04-15T21:19:18.349Z",
    "total": 11584,
    "usage": 186
  },
  {
    "Id": "14975615583497703",
    "charges": 17974,
    "date": "2012-02-15T22:19:18.349Z",
    "due": "2012-03-15T21:19:18.349Z",
    "total": 13362,
    "usage": 245
  },
  {
    "Id": "14975615583491899",
    "charges": 13119,
    "date": "2012-01-15T22:19:18.349Z",
    "due": "2012-02-15T22:19:18.349Z",
    "total": 13119,
    "usage": 206
  },
  {
    "Id": "14975615583492134",
    "charges": 13197,
    "date": "2011-12-15T22:19:18.349Z",
    "due": "2012-01-15T22:19:18.349Z",
    "total": 13197,
    "usage": 180
  },
  {
    "Id": "14975615583496722",
    "charges": 13104,
    "date": "2011-11-15T22:19:18.349Z",
    "due": "2011-12-15T22:19:18.349Z",
    "total": 13104,
    "usage": 242
  },
  {
    "Id": "14975615583498271",
    "charges": 15556,
    "date": "2011-10-15T21:19:18.349Z",
    "due": "2011-11-15T22:19:18.349Z",
    "total": 13856,
    "usage": 226
  },
  {
    "Id": "14975615583492413",
    "charges": 12340,
    "date": "2011-09-15T21:19:18.349Z",
    "due": "2011-10-15T21:19:18.349Z",
    "total": 10296,
    "usage": 178
  },
  {
    "Id": "14975615583493600",
    "charges": 14422,
    "date": "2011-08-15T21:19:18.349Z",
    "due": "2011-09-15T21:19:18.349Z",
    "total": 10614,
    "usage": 202
  },
  {
    "Id": "14975615583495004",
    "charges": 16007,
    "date": "2011-07-15T21:19:18.349Z",
    "due": "2011-08-15T21:19:18.349Z",
    "total": 18515,
    "usage": 114
  },
  {
    "Id": "14975615583493281",
    "charges": 10330,
    "date": "2011-06-15T21:19:18.349Z",
    "due": "2011-07-15T21:19:18.349Z",
    "total": 10330,
    "usage": 178
  },
  {
    "Id": "14975615583497326",
    "charges": 10477,
    "date": "2011-05-15T21:19:18.349Z",
    "due": "2011-06-15T21:19:18.349Z",
    "total": 10477,
    "usage": 187
  },
  {
    "Id": "14975615583491085",
    "charges": 18431,
    "date": "2011-04-15T21:19:18.349Z",
    "due": "2011-05-15T21:19:18.349Z",
    "total": 14538,
    "usage": 231
  },
  {
    "Id": "14975615583495599",
    "charges": 18834,
    "date": "2011-03-15T21:19:18.349Z",
    "due": "2011-04-15T21:19:18.349Z",
    "total": 14995,
    "usage": 144
  },
  {
    "Id": "14975615583498558",
    "charges": 10415,
    "date": "2011-02-15T22:19:18.349Z",
    "due": "2011-03-15T21:19:18.349Z",
    "total": 8056,
    "usage": 164
  },
  {
    "Id": "14975615583494310",
    "charges": 12376,
    "date": "2011-01-15T22:19:18.349Z",
    "due": "2011-02-15T22:19:18.349Z",
    "total": 12376,
    "usage": 150
  },
  {
    "Id": "14975615583499563",
    "charges": 19854,
    "date": "2010-12-15T22:19:18.349Z",
    "due": "2011-01-15T22:19:18.349Z",
    "total": 17317,
    "usage": 181
  },
  {
    "Id": "14975615583491574",
    "charges": 13836,
    "date": "2010-11-15T22:19:18.349Z",
    "due": "2010-12-15T22:19:18.349Z",
    "total": 13836,
    "usage": 153
  },
  {
    "Id": "14975615583497527",
    "charges": 15180,
    "date": "2010-10-15T21:19:18.349Z",
    "due": "2010-11-15T22:19:18.349Z",
    "total": 15180,
    "usage": 219
  },
  {
    "Id": "14975615583497679",
    "charges": 13084,
    "date": "2010-09-15T21:19:18.349Z",
    "due": "2010-10-15T21:19:18.349Z",
    "total": 13084,
    "usage": 154
  },
  {
    "Id": "14975615583499900",
    "charges": 15014,
    "date": "2010-08-15T21:19:18.349Z",
    "due": "2010-09-15T21:19:18.349Z",
    "total": 15014,
    "usage": 103
  },
  {
    "Id": "14975615583493774",
    "charges": 11825,
    "date": "2010-07-15T21:19:18.349Z",
    "due": "2010-08-15T21:19:18.349Z",
    "total": 11825,
    "usage": 71
  },
  {
    "Id": "14975615583498757",
    "charges": 13403,
    "date": "2010-06-15T21:19:18.349Z",
    "due": "2010-07-15T21:19:18.349Z",
    "total": 9096,
    "usage": 137
  },
  {
    "Id": "14975615583496108",
    "charges": 13529,
    "date": "2010-05-15T21:19:18.349Z",
    "due": "2010-06-15T21:19:18.349Z",
    "total": 15042,
    "usage": 202
  },
  {
    "Id": "14975615583492223",
    "charges": 18317,
    "date": "2010-04-15T21:19:18.349Z",
    "due": "2010-05-15T21:19:18.349Z",
    "total": 16321,
    "usage": 113
  },
  {
    "Id": "14975615583496584",
    "charges": 10547,
    "date": "2010-03-15T21:19:18.349Z",
    "due": "2010-04-15T21:19:18.349Z",
    "total": 14949,
    "usage": 79
  },
  {
    "Id": "14975615583492599",
    "charges": 13026,
    "date": "2010-02-15T22:19:18.349Z",
    "due": "2010-03-15T21:19:18.349Z",
    "total": 13026,
    "usage": 87
  },
  {
    "Id": "14975615583496020",
    "charges": 19310,
    "date": "2010-01-15T22:19:18.349Z",
    "due": "2010-02-15T22:19:18.349Z",
    "total": 22374,
    "usage": 154
  },
  {
    "Id": "14975615583494229",
    "charges": 16685,
    "date": "2009-12-15T22:19:18.349Z",
    "due": "2010-01-15T22:19:18.349Z",
    "total": 16685,
    "usage": 144
  },
  {
    "Id": "14975615583498346",
    "charges": 10221,
    "date": "2009-11-15T22:19:18.349Z",
    "due": "2009-12-15T22:19:18.349Z",
    "total": 10221,
    "usage": 91
  },
  {
    "Id": "14975615583497829",
    "charges": 18712,
    "date": "2009-10-15T21:19:18.349Z",
    "due": "2009-11-15T22:19:18.349Z",
    "total": 18712,
    "usage": 148
  },
  {
    "Id": "14975615583493132",
    "charges": 16506,
    "date": "2009-09-15T21:19:18.349Z",
    "due": "2009-10-15T21:19:18.349Z",
    "total": 16506,
    "usage": 123
  },
  {
    "Id": "14975615583498012",
    "charges": 12338,
    "date": "2009-08-15T21:19:18.349Z",
    "due": "2009-09-15T21:19:18.349Z",
    "total": 8923,
    "usage": 201
  },
  {
    "Id": "14975615583498817",
    "charges": 13926,
    "date": "2009-07-15T21:19:18.349Z",
    "due": "2009-08-15T21:19:18.349Z",
    "total": 13926,
    "usage": 245
  },
  {
    "Id": "14975615583491140",
    "charges": 15051,
    "date": "2009-06-15T21:19:18.349Z",
    "due": "2009-07-15T21:19:18.349Z",
    "total": 15051,
    "usage": 113
  },
  {
    "Id": "14975615583495437",
    "charges": 17419,
    "date": "2009-05-15T21:19:18.349Z",
    "due": "2009-06-15T21:19:18.349Z",
    "total": 22263,
    "usage": 237
  },
  {
    "Id": "14975615583496260",
    "charges": 19130,
    "date": "2009-04-15T21:19:18.349Z",
    "due": "2009-05-15T21:19:18.349Z",
    "total": 20544,
    "usage": 215
  },
  {
    "Id": "14975615583491960",
    "charges": 14888,
    "date": "2009-03-15T21:19:18.349Z",
    "due": "2009-04-15T21:19:18.349Z",
    "total": 14888,
    "usage": 125
  }
]