[
  {
    "Billing_Account_Id": 1,
    "Service_Account_Address": {
      "Line1": "1932 Buena Vista Circle",
      "City": "Montgomery",
      "State": "Alabama",
      "Zip": "36109"
    },
    "Offer": {
      "Product_Name": "Crimson",
      "Term": 12
    },
    "Prev_Service_Account_Address": {
      "Line1": "31657 Erie Pass",
      "City": "Tampa",
      "State": "Florida",
      "Zip": "33620"
    },
    "Order_Placed": "2017-05-11T15:06:50Z",
    "Order_Type": "Upgrade",
    "Order_Status": "Pending"
  },
  {
    "Billing_Account_Id": 2,
    "Service_Account_Address": {
      "Line1": "48 Michigan Plaza",
      "City": "Madison",
      "State": "Wisconsin",
      "Zip": "53790"
    },
    "Offer": {
      "Product_Name": "Purple",
      "Term": 36
    },
    "Prev_Service_Account_Address": {
      "Line1": "2 Iowa Park",
      "City": "Milwaukee",
      "State": "Wisconsin",
      "Zip": "53234"
    },
    "Order_Placed": "2016-12-03T03:23:00Z",
    "Order_Type": "Renewal",
    "Order_Status": "Complete"
  },
  {
    "Billing_Account_Id": 3,
    "Service_Account_Address": {
      "Line1": "68821 Grover Street",
      "City": "Washington",
      "State": "District of Columbia",
      "Zip": "20503"
    },
    "Offer": {
      "Product_Name": "Blue",
      "Term": 18
    },
    "Prev_Service_Account_Address": {
      "Line1": "966 Independence Way",
      "City": "Greensboro",
      "State": "North Carolina",
      "Zip": "27455"
    },
    "Order_Placed": "2017-06-25T01:20:51Z",
    "Order_Type": "Moving",
    "Order_Status": "Complete"
  },
  {
    "Billing_Account_Id": 4,
    "Service_Account_Address": {
      "Line1": "143 Kedzie Place",
      "City": "Pasadena",
      "State": "Texas",
      "Zip": "77505"
    },
    "Offer": {
      "Product_Name": "Turquoise",
      "Term": 6
    },
    "Prev_Service_Account_Address": {
      "Line1": "7 Dennis Drive",
      "City": "Lima",
      "State": "Ohio",
      "Zip": "45807"
    },
    "Order_Placed": "2016-10-10T13:30:33Z",
    "Order_Type": "Reconnect",
    "Order_Status": "Complete"
  },
  {
    "Billing_Account_Id": 5,
    "Service_Account_Address": {
      "Line1": "6122 Daystar Street",
      "City": "San Francisco",
      "State": "California",
      "Zip": "94159"
    },
    "Offer": {
      "Product_Name": "Teal",
      "Term": 24
    },
    "Prev_Service_Account_Address": {
      "Line1": "2 Lukken Junction",
      "City": "Norwalk",
      "State": "Connecticut",
      "Zip": "06854"
    },
    "Order_Placed": "2017-01-15T22:49:23Z",
    "Order_Type": "Moving",
    "Order_Status": "Canceled"
  },
  {
    "Billing_Account_Id": 6,
    "Service_Account_Address": {
      "Line1": "3 Southridge Circle",
      "City": "Charlotte",
      "State": "North Carolina",
      "Zip": "28205"
    },
    "Offer": {
      "Product_Name": "Indigo",
      "Term": 6
    },
    "Prev_Service_Account_Address": {
      "Line1": "636 Hanover Place",
      "City": "Akron",
      "State": "Ohio",
      "Zip": "44321"
    },
    "Order_Placed": "2016-07-18T02:47:28Z",
    "Order_Type": "Renewal",
    "Order_Status": "Complete"
  },
  {
    "Billing_Account_Id": 7,
    "Service_Account_Address": {
      "Line1": "5631 Schiller Point",
      "City": "Las Vegas",
      "State": "Nevada",
      "Zip": "89193"
    },
    "Offer": {
      "Product_Name": "Blue",
      "Term": 18
    },
    "Prev_Service_Account_Address": {
      "Line1": "999 Caliangt Way",
      "City": "New Bedford",
      "State": "Massachusetts",
      "Zip": "02745"
    },
    "Order_Placed": "2017-01-24T14:11:50Z",
    "Order_Type": "Renewal",
    "Order_Status": "Canceled"
  },
  {
    "Billing_Account_Id": 8,
    "Service_Account_Address": {
      "Line1": "5 Myrtle Way",
      "City": "Aurora",
      "State": "Colorado",
      "Zip": "80045"
    },
    "Offer": {
      "Product_Name": "Yellow",
      "Term": 36
    },
    "Prev_Service_Account_Address": {
      "Line1": "61 Bluejay Junction",
      "City": "Miami",
      "State": "Florida",
      "Zip": "33134"
    },
    "Order_Placed": "2017-03-01T22:51:48Z",
    "Order_Type": "Additional_Service",
    "Order_Status": "Pending"
  },
  {
    "Billing_Account_Id": 9,
    "Service_Account_Address": {
      "Line1": "501 Stuart Way",
      "City": "Jamaica",
      "State": "New York",
      "Zip": "11431"
    },
    "Offer": {
      "Product_Name": "Puce",
      "Term": 24
    },
    "Prev_Service_Account_Address": {
      "Line1": "81318 Utah Parkway",
      "City": "Reno",
      "State": "Nevada",
      "Zip": "89519"
    },
    "Order_Placed": "2017-01-03T03:02:54Z",
    "Order_Type": "Renewal",
    "Order_Status": "Pending"
  },
  {
    "Billing_Account_Id": 10,
    "Service_Account_Address": {
      "Line1": "778 Moland Center",
      "City": "Midland",
      "State": "Texas",
      "Zip": "79705"
    },
    "Offer": {
      "Product_Name": "Aquamarine",
      "Term": 6
    },
    "Prev_Service_Account_Address": {
      "Line1": "61177 Delladonna Park",
      "City": "Lancaster",
      "State": "Pennsylvania",
      "Zip": "17605"
    },
    "Order_Placed": "2017-01-06T11:11:15Z",
    "Order_Type": "Upgrade",
    "Order_Status": "Canceled"
  }
]
