[
  {
    "Id": "14976367875366290",
    "type": "payment",
    "date": 1497031987536,
    "balance": -13684,
    "amount": 13684
  },
  {
    "Id": "14949583875362425",
    "type": "bill",
    "date": "2017-05-16T18:13:07.536Z",
    "balance": 0,
    "amount": 13684
  },
  {
    "Id": "14923663875368244",
    "type": "payment",
    "date": 1491761587536,
    "balance": -12492,
    "amount": 12492
  },
  {
    "Id": "14896879875366095",
    "type": "bill",
    "date": "2017-03-16T18:13:07.536Z",
    "balance": 0,
    "amount": 12492
  },
  {
    "Id": "14872723875365205",
    "type": "payment",
    "date": 1486667587536,
    "balance": -10685,
    "amount": 10685
  },
  {
    "Id": "14845939875362945",
    "type": "bill",
    "date": "2017-01-16T19:13:07.536Z",
    "balance": 0,
    "amount": 10685
  },
  {
    "Id": "14819155875364023",
    "type": "payment",
    "date": 1481310787536,
    "balance": -5649,
    "amount": 5649
  },
  {
    "Id": "14793235875368290",
    "type": "bill",
    "date": "2016-11-16T19:13:07.536Z",
    "balance": 6378,
    "amount": 12027
  },
  {
    "Id": "14766415875367221",
    "type": "payment",
    "date": 1476036787536,
    "balance": 3189,
    "amount": 3189
  },
  {
    "Id": "14740495875364736",
    "type": "bill",
    "date": "2016-09-16T18:13:07.536Z",
    "balance": 19210,
    "amount": 16021
  },
  {
    "Id": "14713711875363398",
    "type": "payment",
    "date": 1470766387536,
    "balance": 9605,
    "amount": 9605
  },
  {
    "Id": "14686927875361387",
    "type": "bill",
    "date": "2016-07-16T18:13:07.536Z",
    "balance": 27432,
    "amount": 17827
  },
  {
    "Id": "14661007875363586",
    "type": "payment",
    "date": 1465495987536,
    "balance": 13716,
    "amount": 13716
  },
  {
    "Id": "14634223875361566",
    "type": "bill",
    "date": "2016-05-16T18:13:07.536Z",
    "balance": 30000,
    "amount": 16284
  },
  {
    "Id": "14608303875363528",
    "type": "payment",
    "date": 1460225587536,
    "balance": 0,
    "amount": 30000
  }
]